area,bedrooms,bathrooms,stories,mainroad,guestroom,basement,hotwaterheating,airconditioning,parking,prefarea,furnishingstatus,IsMainRoad,price
1.0467262882352133,1.4034193573588298,1.4218117367065486,1.3782169202337835,1,0,0,0,1,1.5176924895404067,1,0,True,4.566365125868969
1.7570095257333955,1.4034193573588298,5.405808633904846,2.53202371213457,1,0,0,0,1,2.679409353022881,0,0,True,4.004484046345774
2.218232407225722,0.0472783116840738,1.4218117367065486,0.2244101283329969,1,0,1,0,0,1.5176924895404067,1,1,True,4.004484046345774
1.0836241187545992,1.4034193573588298,1.4218117367065486,0.2244101283329969,1,0,1,0,1,2.679409353022881,1,0,True,3.985754677028334
1.0467262882352133,1.4034193573588298,-0.5701867118926005,0.2244101283329969,1,1,1,0,1,1.5176924895404067,0,0,True,3.554979182727218
1.0836241187545992,0.0472783116840738,3.4138101853056977,-0.9293966635677896,1,0,1,0,1,1.5176924895404067,1,1,True,3.255309273648181
1.5817448307663118,1.4034193573588298,3.4138101853056977,2.53202371213457,1,0,0,0,1,1.5176924895404067,1,1,True,2.880721887299385
5.096263187737839,2.7595604030335856,3.4138101853056977,0.2244101283329969,1,0,0,0,0,-0.8057412374245417,0,2,True,2.880721887299385
1.3603578476499951,1.4034193573588298,-0.5701867118926005,0.2244101283329969,1,1,1,0,1,1.5176924895404067,1,0,True,2.7308869327598666
0.2764840761430282,0.0472783116840738,1.4218117367065486,2.53202371213457,1,1,0,0,1,0.3559756260579323,1,2,True,2.6934281941249867
3.712594543260859,0.0472783116840738,-0.5701867118926005,0.2244101283329969,1,0,1,0,1,1.5176924895404067,1,0,True,2.6934281941249867
0.3917897965161098,1.4034193573588298,3.4138101853056977,0.2244101283329969,1,1,1,1,0,1.5176924895404067,0,1,True,2.629748338445692
0.6454623813368893,1.4034193573588298,1.4218117367065486,0.2244101283329969,1,0,0,0,1,0.3559756260579323,1,1,True,2.431217023680829
-0.761267407214706,1.4034193573588298,1.4218117367065486,0.2244101283329969,1,0,0,1,0,1.5176924895404067,0,0,True,2.39375828504595
1.2219909832022973,0.0472783116840738,1.4218117367065486,0.2244101283329969,1,0,0,0,0,-0.8057412374245417,1,1,True,2.39375828504595
0.3917897965161098,1.4034193573588298,-0.5701867118926005,0.2244101283329969,1,0,1,0,0,1.5176924895404067,0,1,True,2.3188408077761906
0.6685235254115056,1.4034193573588298,1.4218117367065486,0.2244101283329969,1,1,1,0,1,0.3559756260579323,1,2,True,2.3188408077761906
1.5448470002469257,0.0472783116840738,1.4218117367065486,2.53202371213457,1,0,0,0,1,1.5176924895404067,0,0,True,2.2439233305064312
-0.253922237573147,0.0472783116840738,1.4218117367065486,0.2244101283329969,1,1,0,0,1,1.5176924895404067,0,0,True,2.206464591871552
0.5855034067428869,0.0472783116840738,1.4218117367065486,0.2244101283329969,1,0,0,0,1,0.3559756260579323,1,1,True,2.187735222554112
-0.3830646443909984,0.0472783116840738,-0.5701867118926005,0.2244101283329969,1,0,1,1,0,1.5176924895404067,0,1,True,2.1315471146017924
0.9245022246397469,0.0472783116840738,1.4218117367065486,-0.9293966635677896,1,1,1,0,1,1.5176924895404067,0,2,True,2.094088375966913
1.3372967035753789,0.0472783116840738,-0.5701867118926005,-0.9293966635677896,1,1,1,0,1,0.3559756260579323,0,0,True,2.075359006649473
-0.2723711528328401,0.0472783116840738,1.4218117367065486,0.2244101283329969,1,1,1,0,1,0.3559756260579323,0,0,True,2.075359006649473
1.6832138646946235,0.0472783116840738,1.4218117367065486,0.2244101283329969,1,0,0,0,1,1.5176924895404067,0,0,True,2.0379002680145937
0.6408501525219661,1.4034193573588298,1.4218117367065486,0.2244101283329969,1,1,1,0,1,1.5176924895404067,1,0,True,2.019170898697153
0.3917897965161098,0.0472783116840738,1.4218117367065486,2.53202371213457,1,1,1,0,1,-0.8057412374245417,1,1,True,1.977966286198786
1.717805580806548,0.0472783116840738,-0.5701867118926005,-0.9293966635677896,1,0,0,0,0,0.3559756260579323,0,1,True,1.9442534214273943
1.2911744154261462,2.7595604030335856,1.4218117367065486,0.2244101283329969,1,0,1,1,0,1.5176924895404067,0,2,True,1.9442534214273943
0.1611783557699466,1.4034193573588298,1.4218117367065486,0.2244101283329969,1,0,1,0,1,0.3559756260579323,1,1,True,1.9442534214273943
1.0720935467172912,0.0472783116840738,1.4218117367065486,2.53202371213457,1,0,0,0,1,1.5176924895404067,0,2,True,1.9442534214273943
0.8530126780084362,0.0472783116840738,-0.5701867118926005,2.53202371213457,1,0,0,0,1,1.5176924895404067,0,1,True,1.9442534214273943
-0.1247798307552956,1.4034193573588298,1.4218117367065486,0.2244101283329969,1,0,0,0,1,0.3559756260579323,1,0,True,1.8880653134750751
0.3733408812564168,0.0472783116840738,3.4138101853056977,0.2244101283329969,1,1,1,0,0,0.3559756260579323,0,2,True,1.831877205522756
0.779217016969664,2.7595604030335856,-0.5701867118926005,0.2244101283329969,1,1,1,0,1,0.3559756260579323,0,0,True,1.794418466887876
0.8530126780084362,0.0472783116840738,1.4218117367065486,2.53202371213457,1,0,0,0,1,1.5176924895404067,0,0,True,1.773516490729613
1.0753221068877374,0.0472783116840738,1.4218117367065486,1.3782169202337835,1,0,0,1,0,0.3559756260579323,1,0,True,1.7532138543895084
1.7754584409930887,1.4034193573588298,1.4218117367065486,2.53202371213457,1,0,0,0,1,1.5176924895404067,0,0,True,1.7195009896181168
0.3917897965161098,0.0472783116840738,-0.5701867118926005,2.53202371213457,1,1,0,0,1,1.5176924895404067,0,2,True,1.7101363049593967
0.3917897965161098,1.4034193573588298,1.4218117367065486,2.53202371213457,1,0,0,0,1,0.3559756260579323,0,1,True,1.6820422509832371
0.6454623813368893,0.0472783116840738,-0.5701867118926005,0.2244101283329969,1,0,1,0,1,-0.8057412374245417,1,0,True,1.6633128816657974
0.5578300338533473,0.0472783116840738,1.4218117367065486,2.53202371213457,1,0,0,0,1,-0.8057412374245417,1,0,True,1.6445835123483574
0.6131767796324264,0.0472783116840738,1.4218117367065486,2.53202371213457,1,0,0,0,1,1.5176924895404067,0,2,True,1.5696660350785985
0.3917897965161098,1.4034193573588298,1.4218117367065486,2.53202371213457,1,0,0,0,0,1.5176924895404067,0,1,True,1.5696660350785985
0.3917897965161098,1.4034193573588298,1.4218117367065486,2.53202371213457,1,0,0,0,1,0.3559756260579323,0,0,True,1.494748557808839
0.3917897965161098,0.0472783116840738,1.4218117367065486,1.3782169202337835,1,0,0,0,1,-0.8057412374245417,0,1,True,1.494748557808839
0.3917897965161098,0.0472783116840738,1.4218117367065486,2.53202371213457,1,0,0,0,1,0.3559756260579323,0,0,True,1.4760191884913991
0.6685235254115056,0.0472783116840738,-0.5701867118926005,2.53202371213457,1,0,0,0,1,2.679409353022881,1,0,True,1.4572898191739594
-0.3922891020208449,0.0472783116840738,1.4218117367065486,0.2244101283329969,1,0,1,0,0,0.3559756260579323,0,2,True,1.4385604498565197
1.0559507458650597,0.0472783116840738,1.4218117367065486,-0.9293966635677896,1,1,1,0,1,-0.8057412374245417,1,1,True,1.4198310805390797
1.0559507458650597,0.0472783116840738,1.4218117367065486,2.53202371213457,1,0,0,0,0,0.3559756260579323,1,2,True,1.4198310805390797
0.5416872330011159,0.0472783116840738,-0.5701867118926005,2.53202371213457,1,0,0,0,1,0.3559756260579323,0,2,True,1.4198310805390797
0.3917897965161098,1.4034193573588298,1.4218117367065486,2.53202371213457,1,1,0,0,1,0.3559756260579323,0,0,True,1.3823723419042002
-0.0002496527523675,0.0472783116840738,1.4218117367065486,2.53202371213457,1,0,0,0,1,1.5176924895404067,0,1,True,1.3823723419042002
0.3917897965161098,0.0472783116840738,1.4218117367065486,0.2244101283329969,1,1,0,0,1,0.3559756260579323,0,1,True,1.3823723419042002
0.3917897965161098,0.0472783116840738,-0.5701867118926005,0.2244101283329969,1,0,0,0,1,0.3559756260579323,0,2,True,1.3823723419042002
2.900842271834365,1.4034193573588298,-0.5701867118926005,0.2244101283329969,1,0,1,0,0,0.3559756260579323,1,1,True,1.378626468040712
1.7754584409930887,1.4034193573588298,1.4218117367065486,2.53202371213457,1,1,0,0,1,0.3559756260579323,1,0,True,1.3261842339518808
1.166644237423218,1.4034193573588298,1.4218117367065486,2.53202371213457,1,1,0,0,1,0.3559756260579323,0,1,True,1.3074548646344408
0.3917897965161098,0.0472783116840738,1.4218117367065486,2.53202371213457,1,1,0,0,1,0.3559756260579323,0,0,True,1.3074548646344408
0.3917897965161098,0.0472783116840738,1.4218117367065486,0.2244101283329969,1,1,0,0,0,0.3559756260579323,0,1,True,1.2699961259995614
1.7201116952140096,-1.308862733990682,-0.5701867118926005,-0.9293966635677896,1,0,0,0,1,0.3559756260579323,0,1,True,1.2325373873646817
0.5024832880742681,1.4034193573588298,1.4218117367065486,0.2244101283329969,1,0,0,0,1,0.3559756260579323,0,0,True,1.2325373873646817
0.5578300338533473,1.4034193573588298,1.4218117367065486,1.3782169202337835,1,0,0,0,1,1.5176924895404067,1,0,True,1.213808018047242
2.7786182082388984,0.0472783116840738,-0.5701867118926005,-0.9293966635677896,1,0,1,0,1,0.3559756260579323,1,0,True,1.195078648729802
1.7201116952140096,0.0472783116840738,1.4218117367065486,0.2244101283329969,1,0,1,0,1,0.3559756260579323,0,0,True,1.1576199100949225
3.712594543260859,-1.308862733990682,-0.5701867118926005,-0.9293966635677896,1,0,1,1,0,0.3559756260579323,0,0,True,1.1576199100949225
1.1758686950530646,0.0472783116840738,1.4218117367065486,-0.9293966635677896,1,0,0,0,0,1.5176924895404067,0,2,True,1.1388905407774823
0.3917897965161098,0.0472783116840738,-0.5701867118926005,-0.9293966635677896,1,0,0,0,1,0.3559756260579323,0,0,True,1.1201611714600428
3.200637144804377,1.4034193573588298,1.4218117367065486,0.2244101283329969,1,0,0,0,0,1.5176924895404067,1,0,True,1.082702432825163
-0.5306559664685429,0.0472783116840738,1.4218117367065486,0.2244101283329969,1,0,1,0,1,-0.8057412374245417,1,1,True,1.082702432825163
0.3917897965161098,1.4034193573588298,1.4218117367065486,2.53202371213457,1,0,0,0,1,-0.8057412374245417,0,2,True,1.0639730635077234
-0.0602086273463699,0.0472783116840738,-0.5701867118926005,2.53202371213457,1,0,0,0,1,-0.8057412374245417,1,2,True,1.0452436941902836
0.6685235254115056,-1.308862733990682,1.4218117367065486,2.53202371213457,1,0,1,0,0,-0.8057412374245417,1,0,True,1.0265143248728437
-0.5122070512088498,0.0472783116840738,-0.5701867118926005,0.2244101283329969,1,0,1,1,0,0.3559756260579323,0,0,True,1.007784955555404
-0.410738017280538,1.4034193573588298,1.4218117367065486,0.2244101283329969,1,0,0,1,0,-0.8057412374245417,0,1,True,1.007784955555404
0.5855034067428869,0.0472783116840738,1.4218117367065486,1.3782169202337835,1,0,0,0,1,-0.8057412374245417,1,0,True,1.007784955555404
0.622401237262273,0.0472783116840738,1.4218117367065486,1.3782169202337835,1,0,0,0,1,-0.8057412374245417,1,0,True,1.007784955555404
0.2534229320684119,0.0472783116840738,-0.5701867118926005,-0.9293966635677896,1,1,1,0,1,1.5176924895404067,1,0,True,1.007784955555404
0.3917897965161098,0.0472783116840738,1.4218117367065486,1.3782169202337835,1,1,0,0,1,-0.8057412374245417,0,0,True,1.007784955555404
0.3917897965161098,0.0472783116840738,-0.5701867118926005,0.2244101283329969,1,0,0,1,0,0.3559756260579323,1,1,True,0.99654733396494
-0.5306559664685429,0.0472783116840738,1.4218117367065486,0.2244101283329969,1,0,1,0,1,0.3559756260579323,0,1,True,0.989055586237964
2.4672927632315784,0.0472783116840738,1.4218117367065486,-0.9293966635677896,1,0,1,0,1,0.3559756260579323,1,0,True,0.989055586237964
0.3917897965161098,0.0472783116840738,1.4218117367065486,2.53202371213457,1,0,0,0,1,-0.8057412374245417,0,1,True,0.9703262169205242
-0.6413494580267012,0.0472783116840738,-0.5701867118926005,0.2244101283329969,1,0,0,1,0,1.5176924895404067,0,1,True,0.9328674782856446
1.429541279873844,0.0472783116840738,1.4218117367065486,1.3782169202337835,1,0,0,0,1,-0.8057412374245417,0,0,True,0.9328674782856446
0.7008091271159684,0.0472783116840738,-0.5701867118926005,1.3782169202337835,1,0,1,0,0,-0.8057412374245417,1,2,True,0.9328674782856446
-0.5491048817282359,0.0472783116840738,-0.5701867118926005,-0.9293966635677896,1,0,1,0,0,1.5176924895404067,0,1,True,0.9141381089682048
1.04211405942029,0.0472783116840738,-0.5701867118926005,-0.9293966635677896,1,1,1,0,1,1.5176924895404067,1,2,True,0.9141381089682048
1.5817448307663118,2.7595604030335856,3.4138101853056977,0.2244101283329969,1,0,0,0,0,1.5176924895404067,0,0,True,0.8954087396507651
-0.0694330849762165,0.0472783116840738,-0.5701867118926005,0.2244101283329969,1,0,0,0,1,-0.8057412374245417,0,1,True,0.8954087396507651
0.7377069576353545,-1.308862733990682,-0.5701867118926005,-0.9293966635677896,1,1,1,0,0,1.5176924895404067,1,0,True,0.8841711180603011
-0.1616776612746817,0.0472783116840738,1.4218117367065486,2.53202371213457,1,1,0,0,1,-0.8057412374245417,0,0,True,0.8766793703333252
0.9452572543069014,0.0472783116840738,1.4218117367065486,-0.9293966635677896,1,0,1,0,1,2.679409353022881,0,1,True,0.8204912623810058
0.3917897965161098,1.4034193573588298,1.4218117367065486,2.53202371213457,1,0,0,0,0,0.3559756260579323,0,1,True,0.8204912623810058
-0.4845336783193101,0.0472783116840738,1.4218117367065486,1.3782169202337835,1,0,0,0,1,1.5176924895404067,0,1,True,0.8204912623810058
1.7754584409930887,0.0472783116840738,-0.5701867118926005,-0.9293966635677896,1,0,1,0,0,0.3559756260579323,1,0,True,0.8204912623810058
0.5762789491130403,0.0472783116840738,-0.5701867118926005,-0.9293966635677896,1,1,1,0,1,0.3559756260579323,1,1,True,0.8204912623810058
0.6685235254115056,0.0472783116840738,1.4218117367065486,1.3782169202337835,1,0,0,0,1,-0.8057412374245417,1,2,True,0.8167453885175179
0.3917897965161098,1.4034193573588298,-0.5701867118926005,1.3782169202337835,1,1,1,0,0,-0.8057412374245417,1,2,True,0.8017618930635659
0.6685235254115056,0.0472783116840738,1.4218117367065486,-0.9293966635677896,1,0,1,0,1,-0.8057412374245417,1,2,True,0.7830325237461262
0.1611783557699466,0.0472783116840738,-0.5701867118926005,1.3782169202337835,1,0,0,0,0,0.3559756260579323,1,2,True,0.7830325237461262
0.1611783557699466,0.0472783116840738,1.4218117367065486,2.53202371213457,1,1,0,0,1,0.3559756260579323,0,1,True,0.7643031544286863
0.553217805038424,0.0472783116840738,1.4218117367065486,1.3782169202337835,1,1,0,0,1,-0.8057412374245417,0,0,True,0.7643031544286863
0.1611783557699466,0.0472783116840738,1.4218117367065486,-0.9293966635677896,1,1,1,0,0,1.5176924895404067,1,0,True,0.7643031544286863
-0.3000445257223796,0.0472783116840738,-0.5701867118926005,2.53202371213457,1,0,0,0,1,-0.8057412374245417,0,2,True,0.7455737851112465
0.1381172116953303,1.4034193573588298,1.4218117367065486,-0.9293966635677896,1,0,1,0,1,-0.8057412374245417,1,1,True,0.7455737851112465
0.5855034067428869,0.0472783116840738,-0.5701867118926005,1.3782169202337835,1,0,1,0,0,-0.8057412374245417,1,2,True,0.7268444157938068
-0.8811853564027108,1.4034193573588298,-0.5701867118926005,1.3782169202337835,1,0,0,0,0,0.3559756260579323,0,1,True,0.7174797311350868
0.6754418686338906,1.4034193573588298,1.4218117367065486,0.2244101283329969,1,1,0,1,0,0.3559756260579323,0,1,True,0.7081150464763669
0.6685235254115056,0.0472783116840738,-0.5701867118926005,-0.9293966635677896,1,1,1,0,0,1.5176924895404067,1,1,True,0.7081150464763669
1.485810471415908,0.0472783116840738,-0.5701867118926005,1.3782169202337835,1,0,0,0,1,1.5176924895404067,0,2,True,0.7081150464763669
-0.3922891020208449,4.115701448708341,1.4218117367065486,0.2244101283329969,1,0,0,0,0,-0.8057412374245417,0,0,True,0.704369172612879
2.061416627518331,0.0472783116840738,-0.5701867118926005,-0.9293966635677896,1,0,1,0,0,1.5176924895404067,1,0,True,0.704369172612879
0.7607681017099709,-1.308862733990682,-0.5701867118926005,-0.9293966635677896,1,1,1,0,0,1.5176924895404067,0,0,True,0.6706563078414873
1.3142355595007624,0.0472783116840738,-0.5701867118926005,-0.9293966635677896,1,1,1,0,1,1.5176924895404067,1,1,True,0.6706563078414873
0.8068903898592035,0.0472783116840738,1.4218117367065486,-0.9293966635677896,1,1,1,0,0,-0.8057412374245417,1,2,True,0.6706563078414873
-0.6690228309162407,1.4034193573588298,-0.5701867118926005,0.2244101283329969,1,1,0,0,1,-0.8057412374245417,0,0,True,0.6331975692066076
0.5855034067428869,0.0472783116840738,-0.5701867118926005,-0.9293966635677896,1,0,1,0,1,-0.8057412374245417,1,0,True,0.6331975692066076
0.8622371356382826,0.0472783116840738,-0.5701867118926005,-0.9293966635677896,1,0,1,0,1,1.5176924895404067,1,1,True,0.6331975692066076
0.6408501525219661,0.0472783116840738,-0.5701867118926005,-0.9293966635677896,1,1,1,0,0,1.5176924895404067,1,0,True,0.6331975692066076
0.9595551636331636,0.0472783116840738,-0.5701867118926005,0.2244101283329969,1,1,1,0,1,-0.8057412374245417,1,1,True,0.6331975692066076
0.5089404084151607,1.4034193573588298,1.4218117367065486,-0.9293966635677896,1,0,1,0,0,0.3559756260579323,1,1,True,0.6331975692066076
1.0006040000859806,1.4034193573588298,1.4218117367065486,0.2244101283329969,1,0,0,0,0,-0.8057412374245417,0,0,True,0.6331975692066076
0.6339318092995812,0.0472783116840738,1.4218117367065486,2.53202371213457,1,0,0,0,0,0.3559756260579323,0,0,True,0.6331975692066076
4.819529458842443,0.0472783116840738,-0.5701867118926005,-0.9293966635677896,1,0,0,0,1,1.5176924895404067,0,1,True,0.6294516953431197
0.9268083390472084,0.0472783116840738,-0.5701867118926005,-0.9293966635677896,1,0,1,0,0,1.5176924895404067,1,2,True,0.595738830571728
0.622401237262273,0.0472783116840738,1.4218117367065486,1.3782169202337835,1,0,0,0,1,-0.8057412374245417,0,2,True,0.595738830571728
0.1611783557699466,0.0472783116840738,-0.5701867118926005,1.3782169202337835,1,1,0,0,1,0.3559756260579323,0,0,True,0.5919929567082401
2.9100667294642117,0.0472783116840738,-0.5701867118926005,1.3782169202337835,1,0,0,0,0,1.5176924895404067,1,1,True,0.5919929567082401
-0.1616776612746817,0.0472783116840738,-0.5701867118926005,-0.9293966635677896,1,1,1,0,0,-0.8057412374245417,0,2,True,0.5882470828447521
0.3124594608994297,1.4034193573588298,-0.5701867118926005,2.53202371213457,1,1,0,0,0,-0.8057412374245417,0,1,True,0.5582800919368485
0.0228114913222487,0.0472783116840738,-0.5701867118926005,1.3782169202337835,1,0,0,0,1,-0.8057412374245417,0,1,True,0.5582800919368485
-0.1616776612746817,0.0472783116840738,-0.5701867118926005,1.3782169202337835,1,0,0,0,1,-0.8057412374245417,0,2,True,0.5582800919368485
0.8530126780084362,0.0472783116840738,-0.5701867118926005,-0.9293966635677896,1,0,1,0,0,1.5176924895404067,1,1,True,0.5545342180733605
0.3917897965161098,0.0472783116840738,1.4218117367065486,2.53202371213457,1,0,0,0,1,-0.8057412374245417,0,2,True,0.5395507226194086
0.115056067620714,1.4034193573588298,1.4218117367065486,0.2244101283329969,1,0,0,0,1,1.5176924895404067,0,2,True,0.5208213533019688
-0.2354733223134539,1.4034193573588298,-0.5701867118926005,0.2244101283329969,1,0,0,0,0,0.3559756260579323,0,1,True,0.5208213533019688
-0.0694330849762165,0.0472783116840738,-0.5701867118926005,1.3782169202337835,1,0,0,0,1,-0.8057412374245417,0,1,True,0.5208213533019688
0.5578300338533473,0.0472783116840738,-0.5701867118926005,-0.9293966635677896,1,1,1,0,1,1.5176924895404067,1,0,True,0.5208213533019688
0.2995452202176445,0.0472783116840738,1.4218117367065486,2.53202371213457,1,0,0,0,1,-0.8057412374245417,0,2,True,0.5208213533019688
0.6961968983010451,1.4034193573588298,1.4218117367065486,0.2244101283329969,1,1,1,0,0,0.3559756260579323,1,1,True,0.4739979300083693
2.4672927632315784,1.4034193573588298,1.4218117367065486,0.2244101283329969,1,0,0,0,0,0.3559756260579323,0,1,True,0.4459038760322096
-0.1616776612746817,2.7595604030335856,1.4218117367065486,1.3782169202337835,0,0,1,1,0,-0.8057412374245417,0,2,False,0.4459038760322096
-0.2077999494239144,1.4034193573588298,-0.5701867118926005,0.2244101283329969,1,1,1,0,1,0.3559756260579323,0,0,True,0.4459038760322096
-0.0694330849762165,0.0472783116840738,-0.5701867118926005,2.53202371213457,1,0,0,0,0,-0.8057412374245417,0,0,True,0.4459038760322096
2.4672927632315784,-1.308862733990682,-0.5701867118926005,-0.9293966635677896,1,0,0,0,0,0.3559756260579323,0,1,True,0.4459038760322096
0.1611783557699466,0.0472783116840738,1.4218117367065486,0.2244101283329969,1,0,0,0,0,0.3559756260579323,0,1,True,0.4459038760322096
0.5578300338533473,0.0472783116840738,-0.5701867118926005,1.3782169202337835,1,0,0,0,0,-0.8057412374245417,1,1,True,0.4459038760322096
0.6685235254115056,1.4034193573588298,1.4218117367065486,-0.9293966635677896,1,0,1,0,0,-0.8057412374245417,1,1,True,0.4459038760322096
-0.0067067730932601,0.0472783116840738,-0.5701867118926005,0.2244101283329969,1,1,1,0,1,-0.8057412374245417,1,2,True,0.4459038760322096
-0.3461668138716123,1.4034193573588298,-0.5701867118926005,0.2244101283329969,1,0,0,0,1,1.5176924895404067,1,1,True,0.4271745067147697
0.115056067620714,2.7595604030335856,-0.5701867118926005,0.2244101283329969,1,1,1,0,1,-0.8057412374245417,1,0,True,0.4271745067147697
-0.8535119835131713,0.0472783116840738,3.4138101853056977,0.2244101283329969,1,0,1,0,0,-0.8057412374245417,0,1,True,0.4084451373973299
-0.692083974990857,0.0472783116840738,1.4218117367065486,0.2244101283329969,1,0,0,0,0,1.5176924895404067,0,1,True,0.4084451373973299
0.4379120846653424,0.0472783116840738,1.4218117367065486,-0.9293966635677896,1,0,1,0,0,1.5176924895404067,1,0,True,0.4084451373973299
0.8068903898592035,0.0472783116840738,-0.5701867118926005,-0.9293966635677896,1,1,1,0,0,-0.8057412374245417,1,1,True,0.404699263533842
-1.076282635273965,1.4034193573588298,1.4218117367065486,0.2244101283329969,0,1,1,0,0,0.3559756260579323,0,0,False,0.3897157680798901
1.3050111018709158,0.0472783116840738,-0.5701867118926005,-0.9293966635677896,1,0,0,0,0,1.5176924895404067,0,1,True,0.3897157680798901
-0.9226954157370202,0.0472783116840738,1.4218117367065486,-0.9293966635677896,1,1,1,0,1,-0.8057412374245417,0,0,True,0.3709863987624503
0.4886466016294983,1.4034193573588298,-0.5701867118926005,2.53202371213457,1,1,0,0,1,-0.8057412374245417,0,0,True,0.3709863987624503
0.4379120846653424,0.0472783116840738,-0.5701867118926005,1.3782169202337835,1,1,0,0,1,-0.8057412374245417,1,1,True,0.3709863987624503
0.6685235254115056,1.4034193573588298,1.4218117367065486,0.2244101283329969,1,1,1,0,0,-0.8057412374245417,1,1,True,0.3709863987624503
0.772298673747279,0.0472783116840738,-0.5701867118926005,-0.9293966635677896,1,1,1,0,1,-0.8057412374245417,1,1,True,0.3522570294450105
0.7192580423756615,0.0472783116840738,1.4218117367065486,0.2244101283329969,1,1,1,0,0,0.3559756260579323,1,0,True,0.3335276601275707
0.5993400931876567,0.0472783116840738,1.4218117367065486,-0.9293966635677896,1,1,1,1,0,-0.8057412374245417,0,2,True,0.3297817862640828
1.2219909832022973,0.0472783116840738,-0.5701867118926005,-0.9293966635677896,1,0,1,0,1,1.5176924895404067,1,2,True,0.2960689214926911
-0.253922237573147,-1.308862733990682,1.4218117367065486,-0.9293966635677896,1,0,0,0,1,1.5176924895404067,0,1,True,0.2773395521752513
-0.410738017280538,1.4034193573588298,-0.5701867118926005,0.2244101283329969,1,0,1,0,1,-0.8057412374245417,0,0,True,0.2586101828578114
0.6408501525219661,1.4034193573588298,1.4218117367065486,0.2244101283329969,0,0,0,0,1,-0.8057412374245417,0,1,False,0.2586101828578114
0.1611783557699466,0.0472783116840738,1.4218117367065486,-0.9293966635677896,1,0,1,0,0,-0.8057412374245417,0,1,True,0.2586101828578114
2.3607502776068507,0.0472783116840738,-0.5701867118926005,-0.9293966635677896,1,0,0,0,0,0.3559756260579323,1,1,True,0.2586101828578114
1.498724712097693,0.0472783116840738,-0.5701867118926005,0.2244101283329969,1,1,1,0,1,1.5176924895404067,1,2,True,0.2586101828578114
0.0689337794714814,1.4034193573588298,1.4218117367065486,-0.9293966635677896,1,0,0,0,1,-0.8057412374245417,1,2,True,0.2586101828578114
-0.6229005427670081,0.0472783116840738,-0.5701867118926005,0.2244101283329969,1,1,1,0,0,0.3559756260579323,1,2,True,0.2586101828578114
2.14443674618695,1.4034193573588298,1.4218117367065486,0.2244101283329969,1,1,0,0,0,1.5176924895404067,0,1,True,0.2586101828578114
1.554071457876772,0.0472783116840738,-0.5701867118926005,-0.9293966635677896,1,0,0,0,1,1.5176924895404067,0,0,True,0.2586101828578114
0.4148509405907261,0.0472783116840738,-0.5701867118926005,-0.9293966635677896,1,0,1,0,0,-0.8057412374245417,1,1,True,0.2548643089943235
0.8922166229352839,0.0472783116840738,-0.5701867118926005,-0.9293966635677896,1,1,1,0,0,1.5176924895404067,1,1,True,0.2473725612673475
-0.9088587292922504,0.0472783116840738,1.4218117367065486,0.2244101283329969,1,0,0,0,0,1.5176924895404067,0,1,True,0.2398808135403716
-0.3000445257223796,1.4034193573588298,1.4218117367065486,-0.9293966635677896,0,0,1,0,1,1.5176924895404067,0,1,False,0.2398808135403716
0.9452572543069014,0.0472783116840738,-0.5701867118926005,0.2244101283329969,1,1,1,0,0,0.3559756260579323,1,0,True,0.2398808135403716
-0.8027774665490154,0.0472783116840738,-0.5701867118926005,0.2244101283329969,0,0,0,0,1,-0.8057412374245417,0,1,False,0.202422074905492
1.3050111018709158,0.0472783116840738,-0.5701867118926005,-0.9293966635677896,1,0,0,0,0,0.3559756260579323,1,1,True,0.202422074905492
-0.9918788479608692,0.0472783116840738,1.4218117367065486,0.2244101283329969,1,1,1,0,0,-0.8057412374245417,0,0,True,0.1836927055880522
-0.9918788479608692,0.0472783116840738,-0.5701867118926005,0.2244101283329969,1,0,1,0,0,-0.8057412374245417,0,2,True,0.1836927055880522
2.8870055853895957,-1.308862733990682,-0.5701867118926005,0.2244101283329969,1,0,0,0,0,-0.8057412374245417,1,0,True,0.1836927055880522
0.4379120846653424,0.0472783116840738,-0.5701867118926005,-0.9293966635677896,1,0,1,0,1,-0.8057412374245417,1,1,True,0.1836927055880522
0.2626473896982584,-1.308862733990682,-0.5701867118926005,0.2244101283329969,1,0,0,0,1,-0.8057412374245417,1,2,True,0.1649633362706124
-0.7428184919550129,-1.308862733990682,-0.5701867118926005,-0.9293966635677896,0,1,1,0,0,-0.8057412374245417,0,1,False,0.1462339669531726
1.129746406903832,1.4034193573588298,-0.5701867118926005,0.2244101283329969,1,0,0,0,1,1.5176924895404067,0,0,True,0.1462339669531726
2.559537339530044,0.0472783116840738,-0.5701867118926005,0.2244101283329969,1,1,1,0,0,-0.8057412374245417,0,1,True,0.1462339669531726
0.6685235254115056,0.0472783116840738,-0.5701867118926005,-0.9293966635677896,1,1,1,0,0,-0.8057412374245417,1,0,True,0.1462339669531726
-0.1616776612746817,-1.308862733990682,-0.5701867118926005,-0.9293966635677896,1,1,1,0,0,-0.8057412374245417,0,1,True,0.1424880930896846
1.3834189917246114,0.0472783116840738,1.4218117367065486,-0.9293966635677896,1,1,1,0,0,-0.8057412374245417,0,1,True,0.1275045976357328
-0.341554585056689,1.4034193573588298,3.4138101853056977,0.2244101283329969,1,0,1,0,0,1.5176924895404067,0,1,True,0.1087752283182929
1.169411574712172,0.0472783116840738,-0.5701867118926005,-0.9293966635677896,1,1,1,1,0,-0.8057412374245417,0,1,True,0.1087752283182929
-1.0841234242593345,0.0472783116840738,1.4218117367065486,0.2244101283329969,0,0,1,0,1,0.3559756260579323,0,1,False,0.101283480591317
0.3678062066785088,0.0472783116840738,-0.5701867118926005,0.2244101283329969,1,0,0,0,1,-0.8057412374245417,0,1,True,0.0900458590008531
-0.4384113901700776,0.0472783116840738,-0.5701867118926005,0.2244101283329969,1,0,0,0,0,0.3559756260579323,0,0,True,0.0750623635469013
-0.2908200680925331,0.0472783116840738,-0.5701867118926005,0.2244101283329969,1,0,1,0,1,-0.8057412374245417,0,1,True,0.0713164896834133
-0.4868397927267718,0.0472783116840738,-0.5701867118926005,0.2244101283329969,0,1,1,0,1,-0.8057412374245417,0,1,False,0.0713164896834133
-0.4753092206894636,-1.308862733990682,-0.5701867118926005,-0.9293966635677896,1,0,1,0,0,0.3559756260579323,0,1,True,0.0713164896834133
0.115056067620714,1.4034193573588298,-0.5701867118926005,0.2244101283329969,1,0,0,0,0,-0.8057412374245417,0,1,True,0.0713164896834133
-0.1755143477194515,0.0472783116840738,-0.5701867118926005,-0.9293966635677896,1,1,1,0,0,-0.8057412374245417,0,1,True,0.0713164896834133
0.5301566609638078,0.0472783116840738,-0.5701867118926005,-0.9293966635677896,1,0,0,0,1,1.5176924895404067,0,1,True,0.0713164896834133
0.2995452202176445,-1.308862733990682,-0.5701867118926005,-0.9293966635677896,1,1,1,0,1,-0.8057412374245417,0,1,True,0.0713164896834133
-0.9918788479608692,0.0472783116840738,-0.5701867118926005,0.2244101283329969,1,0,1,0,1,-0.8057412374245417,0,1,True,0.0713164896834133
-1.005715534405639,0.0472783116840738,-0.5701867118926005,1.3782169202337835,1,0,0,0,0,-0.8057412374245417,0,1,True,0.0713164896834133
0.7238702711905848,0.0472783116840738,-0.5701867118926005,-0.9293966635677896,1,0,0,0,0,-0.8057412374245417,0,2,True,0.0713164896834133
-0.2327059850245,0.0472783116840738,-0.5701867118926005,0.2244101283329969,1,1,1,0,0,1.5176924895404067,0,1,True,0.0713164896834133
3.5742276788131613,0.0472783116840738,-0.5701867118926005,-0.9293966635677896,1,0,0,0,0,1.5176924895404067,0,0,True,0.0713164896834133
-0.7981652377340921,1.4034193573588298,1.4218117367065486,0.2244101283329969,1,0,1,0,1,1.5176924895404067,0,1,True,0.0675706158199254
-0.0717391993836781,1.4034193573588298,1.4218117367065486,-0.9293966635677896,1,0,1,0,0,-0.8057412374245417,0,1,True,0.0675706158199254
-0.3692279579462286,-1.308862733990682,-0.5701867118926005,-0.9293966635677896,1,0,1,0,0,-0.8057412374245417,0,2,True,0.0525871203659735
-0.4568603054297706,0.0472783116840738,-0.5701867118926005,1.3782169202337835,1,0,0,0,0,-0.8057412374245417,0,2,True,0.0338577510485337
0.4102387117758029,0.0472783116840738,-0.5701867118926005,-0.9293966635677896,1,0,0,0,0,1.5176924895404067,1,1,True,0.0338577510485337
0.7893639203624951,0.0472783116840738,-0.5701867118926005,0.2244101283329969,1,0,0,0,1,1.5176924895404067,1,0,True,0.0338577510485337
-0.1547593180522968,-1.308862733990682,-0.5701867118926005,-0.9293966635677896,1,0,0,0,1,-0.8057412374245417,1,1,True,0.0338577510485337
0.8530126780084362,0.0472783116840738,-0.5701867118926005,0.2244101283329969,1,0,1,0,0,-0.8057412374245417,0,2,True,0.0151283817310939
1.3603578476499951,1.4034193573588298,-0.5701867118926005,2.53202371213457,1,0,1,0,1,1.5176924895404067,0,1,True,0.0151283817310939
-0.7981652377340921,1.4034193573588298,1.4218117367065486,0.2244101283329969,1,0,0,0,0,-0.8057412374245417,0,1,True,0.000144886277142
1.852021439320815,-1.308862733990682,-0.5701867118926005,-0.9293966635677896,1,0,1,0,1,1.5176924895404067,0,1,True,-0.0036009875863458
0.5398423414751465,0.0472783116840738,-0.5701867118926005,0.2244101283329969,1,0,1,0,1,0.3559756260579323,0,0,True,-0.0036009875863458
2.3473748140435733,-1.308862733990682,-0.5701867118926005,-0.9293966635677896,1,0,0,0,1,1.5176924895404067,1,2,True,-0.0036009875863458
0.5947278643727334,-1.308862733990682,-0.5701867118926005,-0.9293966635677896,1,0,0,0,1,2.679409353022881,0,1,True,-0.0073468614498338
0.0089748048774789,0.0472783116840738,-0.5701867118926005,2.53202371213457,1,0,0,0,1,-0.8057412374245417,0,1,True,-0.0410597262212255
0.3917897965161098,-1.308862733990682,-0.5701867118926005,-0.9293966635677896,1,0,1,0,1,0.3559756260579323,0,0,True,-0.0410597262212255
-0.7013084326207035,0.0472783116840738,-0.5701867118926005,0.2244101283329969,1,0,0,0,0,1.5176924895404067,0,1,True,-0.0410597262212255
2.08309410294847,1.4034193573588298,1.4218117367065486,0.2244101283329969,1,1,1,0,0,0.3559756260579323,0,1,True,-0.0410597262212255
0.115056067620714,-1.308862733990682,-0.5701867118926005,0.2244101283329969,1,0,0,0,0,-0.8057412374245417,1,1,True,-0.0410597262212255
-0.3830646443909984,0.0472783116840738,-0.5701867118926005,-0.9293966635677896,1,0,0,0,0,-0.8057412374245417,1,1,True,-0.0410597262212255
-0.648267801249086,0.0472783116840738,-0.5701867118926005,0.2244101283329969,1,0,1,0,0,-0.8057412374245417,0,0,True,-0.0597890955386653
-0.4568603054297706,0.0472783116840738,-0.5701867118926005,-0.9293966635677896,1,1,1,0,1,-0.8057412374245417,0,2,True,-0.0785184648561051
-0.586002712247622,0.0472783116840738,1.4218117367065486,0.2244101283329969,1,0,1,0,0,1.5176924895404067,0,1,True,-0.0785184648561051
0.2441984744385654,0.0472783116840738,-0.5701867118926005,0.2244101283329969,1,1,0,0,1,0.3559756260579323,0,1,True,-0.0785184648561051
-1.0518378225548717,-1.308862733990682,-0.5701867118926005,0.2244101283329969,1,1,1,0,0,-0.8057412374245417,1,1,True,-0.0785184648561051
-0.0648208561612932,0.0472783116840738,-0.5701867118926005,0.2244101283329969,1,0,1,0,0,-0.8057412374245417,0,1,True,-0.0785184648561051
-0.2954322969074563,1.4034193573588298,1.4218117367065486,0.2244101283329969,1,0,1,0,0,-0.8057412374245417,0,1,True,-0.082264338719593
-0.5306559664685429,0.0472783116840738,-0.5701867118926005,0.2244101283329969,1,0,0,0,0,0.3559756260579323,0,0,True,-0.0972478341735449
-0.6044516275073151,0.0472783116840738,-0.5701867118926005,0.2244101283329969,1,0,0,0,0,0.3559756260579323,1,1,True,-0.0972478341735449
-0.6413494580267012,0.0472783116840738,-0.5701867118926005,-0.9293966635677896,1,0,0,0,0,1.5176924895404067,0,1,True,-0.1159772034909847
-0.6966962038057802,0.0472783116840738,-0.5701867118926005,0.2244101283329969,1,0,0,0,1,-0.8057412374245417,0,0,True,-0.1159772034909847
-1.199429144632416,0.0472783116840738,-0.5701867118926005,0.2244101283329969,1,0,1,0,0,-0.8057412374245417,0,0,True,-0.1159772034909847
0.0781582371013279,0.0472783116840738,-0.5701867118926005,0.2244101283329969,1,1,1,0,0,-0.8057412374245417,1,1,True,-0.1159772034909847
0.0966071523610209,0.0472783116840738,-0.5701867118926005,0.2244101283329969,1,0,0,0,0,1.5176924895404067,1,2,True,-0.1159772034909847
-0.7520429495848594,0.0472783116840738,-0.5701867118926005,-0.9293966635677896,1,0,0,0,0,-0.8057412374245417,1,1,True,-0.1159772034909847
1.498724712097693,1.4034193573588298,-0.5701867118926005,2.53202371213457,1,0,0,0,0,2.679409353022881,0,2,True,-0.1159772034909847
-0.4845336783193101,-1.308862733990682,1.4218117367065486,-0.9293966635677896,1,1,1,0,0,-0.8057412374245417,0,1,True,-0.1197230773544727
-0.0740453137911397,1.4034193573588298,1.4218117367065486,0.2244101283329969,1,1,1,0,0,-0.8057412374245417,1,0,True,-0.1197230773544727
-0.7566551783997827,0.0472783116840738,-0.5701867118926005,1.3782169202337835,1,0,0,0,0,-0.8057412374245417,0,1,True,-0.1347065728084245
-0.7843285512893223,0.0472783116840738,-0.5701867118926005,0.2244101283329969,1,0,1,0,0,0.3559756260579323,0,1,True,-0.1347065728084245
2.172110119076489,0.0472783116840738,-0.5701867118926005,-0.9293966635677896,1,0,0,0,0,-0.8057412374245417,0,1,True,-0.1347065728084245
-0.7520429495848594,-1.308862733990682,-0.5701867118926005,0.2244101283329969,1,0,0,0,0,-0.8057412374245417,1,0,True,-0.1347065728084245
-0.2954322969074563,1.4034193573588298,-0.5701867118926005,0.2244101283329969,1,0,0,0,1,1.5176924895404067,0,1,True,-0.1534359421258643
0.3387491651444922,-1.308862733990682,-0.5701867118926005,-0.9293966635677896,1,0,0,0,1,0.3559756260579323,0,2,True,-0.1534359421258643
-0.5306559664685429,0.0472783116840738,-0.5701867118926005,0.2244101283329969,1,0,0,0,0,1.5176924895404067,0,0,True,-0.1534359421258643
1.429541279873844,0.0472783116840738,-0.5701867118926005,-0.9293966635677896,1,0,0,0,0,-0.8057412374245417,0,0,True,-0.1534359421258643
-0.5122070512088498,0.0472783116840738,-0.5701867118926005,0.2244101283329969,1,0,0,0,0,0.3559756260579323,0,1,True,-0.1534359421258643
0.5578300338533473,-1.308862733990682,-0.5701867118926005,-0.9293966635677896,1,0,1,0,1,0.3559756260579323,0,0,True,-0.1571818159893523
-0.9171607411591124,0.0472783116840738,-0.5701867118926005,0.2244101283329969,1,0,0,0,1,0.3559756260579323,0,0,True,-0.1571818159893523
-0.7566551783997827,0.0472783116840738,-0.5701867118926005,0.2244101283329969,1,0,0,0,0,-0.8057412374245417,0,1,True,-0.1571818159893523
-0.6459616868416244,-1.308862733990682,-0.5701867118926005,-0.9293966635677896,1,1,1,0,0,-0.8057412374245417,0,1,True,-0.1721653114433042
-0.5454150986762972,0.0472783116840738,-0.5701867118926005,0.2244101283329969,0,0,0,0,0,-0.8057412374245417,0,1,False,-0.1908946807607439
-0.1155553731254491,-1.308862733990682,-0.5701867118926005,0.2244101283329969,1,0,1,0,0,-0.8057412374245417,0,1,True,-0.1908946807607439
-1.0472255937399484,0.0472783116840738,-0.5701867118926005,0.2244101283329969,1,0,0,0,0,-0.8057412374245417,1,1,True,-0.1946405546242319
-0.1247798307552956,0.0472783116840738,-0.5701867118926005,-0.9293966635677896,1,0,0,0,0,1.5176924895404067,1,2,True,-0.1946405546242319
-0.1063309154956026,0.0472783116840738,-0.5701867118926005,0.2244101283329969,1,0,0,0,0,0.3559756260579323,0,1,True,-0.1946405546242319
-0.0924942290508328,1.4034193573588298,-0.5701867118926005,0.2244101283329969,1,0,0,0,1,-0.8057412374245417,0,1,True,-0.2058781762146958
-0.5767782546177754,0.0472783116840738,-0.5701867118926005,0.2244101283329969,1,0,0,0,0,-0.8057412374245417,0,2,True,-0.2096240500781838
-0.3000445257223796,0.0472783116840738,1.4218117367065486,1.3782169202337835,1,0,0,1,0,0.3559756260579323,0,0,True,-0.2283534193956236
-1.4969179031949664,2.7595604030335856,-0.5701867118926005,0.2244101283329969,0,0,1,0,0,-0.8057412374245417,0,1,False,-0.2283534193956236
-0.4960642503566183,0.0472783116840738,-0.5701867118926005,-0.9293966635677896,1,1,1,0,0,1.5176924895404067,0,1,True,-0.2283534193956236
-0.761267407214706,1.4034193573588298,-0.5701867118926005,0.2244101283329969,1,0,0,0,0,1.5176924895404067,0,0,True,-0.2283534193956236
0.5993400931876567,1.4034193573588298,-0.5701867118926005,0.2244101283329969,1,0,0,0,0,-0.8057412374245417,0,1,True,-0.2283534193956236
-0.5158968342607884,-1.308862733990682,-0.5701867118926005,-0.9293966635677896,1,0,1,0,0,-0.8057412374245417,0,0,True,-0.2395910409860875
-0.3461668138716123,-1.308862733990682,-0.5701867118926005,-0.9293966635677896,1,0,0,0,0,0.3559756260579323,0,1,True,-0.2470827887130634
2.4027215598226523,-1.308862733990682,-0.5701867118926005,-0.9293966635677896,1,0,0,0,0,0.3559756260579323,1,1,True,-0.2470827887130634
-0.8073896953639386,0.0472783116840738,-0.5701867118926005,0.2244101283329969,1,0,1,0,0,1.5176924895404067,1,1,True,-0.2620662841670153
0.5578300338533473,-1.308862733990682,-0.5701867118926005,-0.9293966635677896,1,0,0,0,0,-0.8057412374245417,0,0,True,-0.2658121580305032
0.5578300338533473,-1.308862733990682,-0.5701867118926005,0.2244101283329969,1,0,0,0,0,-0.8057412374245417,0,2,True,-0.2658121580305032
-0.3000445257223796,-1.308862733990682,-0.5701867118926005,-0.9293966635677896,1,0,0,0,1,1.5176924895404067,0,0,True,-0.2658121580305032
-1.3723877251920384,0.0472783116840738,-0.5701867118926005,0.2244101283329969,0,1,1,0,1,-0.8057412374245417,0,2,False,-0.2658121580305032
-0.3646157291313053,1.4034193573588298,-0.5701867118926005,0.2244101283329969,1,0,0,0,0,-0.8057412374245417,0,0,True,-0.2658121580305032
1.2081542967575274,-1.308862733990682,-0.5701867118926005,-0.9293966635677896,1,0,0,0,0,0.3559756260579323,0,0,True,-0.2658121580305032
0.691584669486122,0.0472783116840738,-0.5701867118926005,0.2244101283329969,1,1,0,0,0,-0.8057412374245417,0,1,True,-0.284541527347943
-1.0901193217187346,0.0472783116840738,-0.5701867118926005,-0.9293966635677896,1,0,1,0,0,-0.8057412374245417,1,0,True,-0.284541527347943
0.1611783557699466,0.0472783116840738,-0.5701867118926005,0.2244101283329969,1,0,0,0,1,-0.8057412374245417,0,2,True,-0.3032708966653828
-0.0509841697165234,0.0472783116840738,-0.5701867118926005,0.2244101283329969,1,0,1,0,1,-0.8057412374245417,0,2,True,-0.3032708966653828
0.3226063642922608,-1.308862733990682,-0.5701867118926005,-0.9293966635677896,1,1,1,0,0,1.5176924895404067,0,1,True,-0.3032708966653828
-1.1717557717428764,1.4034193573588298,3.4138101853056977,0.2244101283329969,0,0,0,0,0,-0.8057412374245417,0,1,False,-0.3032708966653828
-1.0135563233910083,0.0472783116840738,-0.5701867118926005,0.2244101283329969,1,0,1,0,1,-0.8057412374245417,0,2,True,-0.3032708966653828
-1.1085682369784278,1.4034193573588298,1.4218117367065486,0.2244101283329969,0,0,0,0,0,-0.8057412374245417,0,1,False,-0.3032708966653828
-0.341554585056689,-1.308862733990682,-0.5701867118926005,-0.9293966635677896,0,0,0,0,0,0.3559756260579323,0,2,False,-0.3032708966653828
-0.5306559664685429,1.4034193573588298,1.4218117367065486,0.2244101283329969,0,0,0,0,0,-0.8057412374245417,0,1,False,-0.3032708966653828
-1.3032042929681893,0.0472783116840738,-0.5701867118926005,0.2244101283329969,0,0,0,0,0,-0.8057412374245417,0,1,False,-0.3032708966653828
-0.253922237573147,0.0472783116840738,1.4218117367065486,0.2244101283329969,1,0,0,0,1,0.3559756260579323,0,1,True,-0.3032708966653828
-0.6966962038057802,0.0472783116840738,1.4218117367065486,0.2244101283329969,1,0,1,0,0,-0.8057412374245417,0,2,True,-0.3032708966653828
0.2995452202176445,0.0472783116840738,-0.5701867118926005,-0.9293966635677896,1,0,0,1,0,1.5176924895404067,0,1,True,-0.3032708966653828
0.8530126780084362,0.0472783116840738,-0.5701867118926005,-0.9293966635677896,1,0,0,0,0,2.679409353022881,0,0,True,-0.3032708966653828
-0.494219358830649,0.0472783116840738,-0.5701867118926005,1.3782169202337835,1,0,0,0,0,-0.8057412374245417,0,1,True,-0.3032708966653828
-0.7520429495848594,0.0472783116840738,-0.5701867118926005,0.2244101283329969,1,0,0,0,0,-0.8057412374245417,1,1,True,-0.3032708966653828
-1.386224411636808,0.0472783116840738,-0.5701867118926005,1.3782169202337835,1,0,0,0,0,0.3559756260579323,1,2,True,-0.3032708966653828
-0.3000445257223796,0.0472783116840738,-0.5701867118926005,-0.9293966635677896,1,0,1,0,0,-0.8057412374245417,0,0,True,-0.3032708966653828
1.429541279873844,0.0472783116840738,-0.5701867118926005,-0.9293966635677896,1,0,1,0,0,2.679409353022881,0,1,True,-0.3070167705288708
-0.7843285512893223,0.0472783116840738,-0.5701867118926005,0.2244101283329969,1,0,0,0,0,0.3559756260579323,0,1,True,-0.3070167705288708
-0.1432287460149887,0.0472783116840738,-0.5701867118926005,0.2244101283329969,1,0,0,0,0,0.3559756260579323,0,1,True,-0.3220002659828226
-0.4937581359491567,0.0472783116840738,-0.5701867118926005,0.2244101283329969,1,0,0,0,0,1.5176924895404067,0,1,True,-0.3220002659828226
-0.5094397139198958,0.0472783116840738,-0.5701867118926005,0.2244101283329969,1,0,1,0,0,0.3559756260579323,0,1,True,-0.3220002659828226
-0.2391631053653926,1.4034193573588298,-0.5701867118926005,0.2244101283329969,1,0,0,0,1,-0.8057412374245417,0,1,True,-0.3407296353002624
0.3848714532937249,0.0472783116840738,-0.5701867118926005,-0.9293966635677896,1,0,1,0,0,-0.8057412374245417,0,1,True,-0.3407296353002624
0.4194631694056494,-1.308862733990682,-0.5701867118926005,-0.9293966635677896,1,0,1,0,0,0.3559756260579323,0,1,True,-0.3444755091637504
-0.7151451190654733,0.0472783116840738,-0.5701867118926005,-0.9293966635677896,1,0,1,0,1,-0.8057412374245417,1,0,True,-0.3575860676859583
-0.6782472885460872,0.0472783116840738,1.4218117367065486,0.2244101283329969,1,0,0,0,0,-0.8057412374245417,0,1,True,-0.3594590046177023
-0.5122070512088498,-1.308862733990682,-0.5701867118926005,0.2244101283329969,1,0,0,0,0,0.3559756260579323,0,1,True,-0.3594590046177023
0.2073006439191793,-1.308862733990682,-0.5701867118926005,-0.9293966635677896,1,0,0,0,1,-0.8057412374245417,0,1,True,-0.3594590046177023
0.3456675083668772,1.4034193573588298,1.4218117367065486,0.2244101283329969,0,0,1,0,0,0.3559756260579323,0,2,False,-0.3781883739351421
-0.0731228680281551,0.0472783116840738,1.4218117367065486,0.2244101283329969,1,0,0,0,0,1.5176924895404067,0,2,True,-0.3781883739351421
-0.3738401867611519,0.0472783116840738,-0.5701867118926005,-0.9293966635677896,1,0,0,0,0,-0.8057412374245417,0,1,True,-0.3781883739351421
-0.9918788479608692,1.4034193573588298,-0.5701867118926005,1.3782169202337835,1,0,1,0,1,1.5176924895404067,0,1,True,-0.3781883739351421
-0.3830646443909984,0.0472783116840738,-0.5701867118926005,0.2244101283329969,1,0,0,0,0,1.5176924895404067,1,0,True,-0.3781883739351421
-0.7013084326207035,0.0472783116840738,1.4218117367065486,0.2244101283329969,1,0,0,1,0,1.5176924895404067,0,1,True,-0.3969177432525819
-0.779716322474399,0.0472783116840738,1.4218117367065486,-0.9293966635677896,1,0,1,0,1,0.3559756260579323,0,0,True,-0.3969177432525819
0.115056067620714,0.0472783116840738,-0.5701867118926005,-0.9293966635677896,1,0,0,0,0,2.679409353022881,0,1,True,-0.3969177432525819
-0.3000445257223796,0.0472783116840738,-0.5701867118926005,0.2244101283329969,0,0,1,0,1,-0.8057412374245417,0,1,False,-0.4062824279113018
-0.779716322474399,1.4034193573588298,-0.5701867118926005,0.2244101283329969,1,0,0,0,1,-0.8057412374245417,0,1,True,-0.4062824279113018
-0.4845336783193101,1.4034193573588298,-0.5701867118926005,-0.9293966635677896,0,0,1,0,0,-0.8057412374245417,0,2,False,-0.4156471125700217
0.6131767796324264,0.0472783116840738,-0.5701867118926005,0.2244101283329969,0,0,0,0,1,0.3559756260579323,0,1,False,-0.4156471125700217
-0.3000445257223796,0.0472783116840738,1.4218117367065486,0.2244101283329969,0,0,1,0,1,-0.8057412374245417,0,1,False,-0.4156471125700217
-0.5491048817282359,0.0472783116840738,-0.5701867118926005,0.2244101283329969,1,0,0,0,0,-0.8057412374245417,0,0,True,-0.4156471125700217
-0.5075948223939265,-1.308862733990682,-0.5701867118926005,0.2244101283329969,1,1,1,0,0,-0.8057412374245417,1,2,True,-0.4156471125700217
0.972930627196441,0.0472783116840738,1.4218117367065486,-0.9293966635677896,1,1,1,0,0,2.679409353022881,0,0,True,-0.4531058512049013
0.1611783557699466,1.4034193573588298,-0.5701867118926005,0.2244101283329969,1,1,1,0,0,-0.8057412374245417,0,1,True,-0.4531058512049013
-0.9918788479608692,0.0472783116840738,-0.5701867118926005,0.2244101283329969,1,0,0,0,0,-0.8057412374245417,0,1,True,-0.4531058512049013
-0.8581242123280945,-1.308862733990682,-0.5701867118926005,-0.9293966635677896,1,0,0,1,0,0.3559756260579323,0,0,True,-0.4531058512049013
-0.6155209766631309,-1.308862733990682,-0.5701867118926005,-0.9293966635677896,1,0,1,0,1,1.5176924895404067,0,0,True,-0.4531058512049013
1.3511333900201483,0.0472783116840738,-0.5701867118926005,-0.9293966635677896,1,0,0,0,1,1.5176924895404067,0,1,True,-0.4531058512049013
-1.386224411636808,1.4034193573588298,1.4218117367065486,-0.9293966635677896,1,0,1,0,0,-0.8057412374245417,1,2,True,-0.4531058512049013
-0.6321250003968546,-1.308862733990682,-0.5701867118926005,0.2244101283329969,1,1,1,0,0,-0.8057412374245417,0,1,True,-0.4718352205223411
-0.9088587292922504,1.4034193573588298,1.4218117367065486,0.2244101283329969,1,0,0,0,0,-0.8057412374245417,0,0,True,-0.4718352205223411
0.0689337794714814,2.7595604030335856,1.4218117367065486,0.2244101283329969,1,0,0,0,0,-0.8057412374245417,0,1,True,-0.4905645898397809
-0.9088587292922504,-1.308862733990682,1.4218117367065486,-0.9293966635677896,1,0,1,0,0,1.5176924895404067,0,1,True,-0.4905645898397809
0.9231185559952696,0.0472783116840738,-0.5701867118926005,0.2244101283329969,1,0,0,0,1,-0.8057412374245417,0,0,True,-0.4905645898397809
-0.4937581359491567,-1.308862733990682,-0.5701867118926005,-0.9293966635677896,1,0,0,0,0,-0.8057412374245417,0,1,True,-0.4905645898397809
-0.5998393986923918,-1.308862733990682,-0.5701867118926005,-0.9293966635677896,1,0,0,0,0,-0.8057412374245417,0,1,True,-0.4905645898397809
-1.4461833862308104,0.0472783116840738,-0.5701867118926005,0.2244101283329969,1,0,1,0,0,-0.8057412374245417,1,1,True,-0.4905645898397809
-1.371926502310546,-1.308862733990682,-0.5701867118926005,0.2244101283329969,1,1,0,0,0,-0.8057412374245417,1,1,True,-0.4905645898397809
-0.8304508394385549,0.0472783116840738,-0.5701867118926005,0.2244101283329969,1,0,0,0,0,-0.8057412374245417,0,2,True,-0.4980563375667569
-0.9226954157370202,-1.308862733990682,1.4218117367065486,-0.9293966635677896,0,0,1,0,0,-0.8057412374245417,0,1,False,-0.5092939591572208
-0.1524532036448352,0.0472783116840738,-0.5701867118926005,0.2244101283329969,1,0,0,0,0,-0.8057412374245417,0,1,True,-0.5280233284746606
-0.7981652377340921,-1.308862733990682,-0.5701867118926005,0.2244101283329969,1,0,0,1,0,0.3559756260579323,0,1,True,-0.5280233284746606
-0.7151451190654733,-1.308862733990682,-0.5701867118926005,-0.9293966635677896,1,0,0,0,0,-0.8057412374245417,0,1,True,-0.5280233284746606
0.3133819066624143,-1.308862733990682,-0.5701867118926005,-0.9293966635677896,1,0,0,0,0,1.5176924895404067,0,2,True,-0.5280233284746606
-1.0582949428957642,0.0472783116840738,-0.5701867118926005,1.3782169202337835,1,0,0,0,0,-0.8057412374245417,1,0,True,-0.5280233284746606
1.498724712097693,-1.308862733990682,-0.5701867118926005,-0.9293966635677896,1,0,0,0,0,0.3559756260579323,0,0,True,-0.5280233284746606
1.429541279873844,0.0472783116840738,-0.5701867118926005,-0.9293966635677896,1,0,0,0,0,1.5176924895404067,0,0,True,-0.5317692023381485
-1.2132658310771858,2.7595604030335856,1.4218117367065486,-0.9293966635677896,0,0,1,0,1,0.3559756260579323,0,0,False,-0.5317692023381485
0.8207270763039733,1.4034193573588298,-0.5701867118926005,0.2244101283329969,0,0,0,0,0,0.3559756260579323,0,0,False,-0.5317692023381485
-0.7704918648445525,-1.308862733990682,-0.5701867118926005,-0.9293966635677896,1,0,0,0,0,-0.8057412374245417,1,1,True,-0.5467526977921005
-0.7151451190654733,0.0472783116840738,-0.5701867118926005,-0.9293966635677896,1,0,0,0,0,0.3559756260579323,0,2,True,-0.5654820671095402
-0.5122070512088498,-1.308862733990682,-0.5701867118926005,-0.9293966635677896,1,0,0,0,0,-0.8057412374245417,0,1,True,-0.5654820671095402
0.4010142541459564,0.0472783116840738,-0.5701867118926005,-0.9293966635677896,1,0,0,0,0,-0.8057412374245417,0,1,True,-0.5654820671095402
-0.5075948223939265,-1.308862733990682,-0.5701867118926005,-0.9293966635677896,1,0,0,0,0,-0.8057412374245417,0,0,True,-0.5654820671095402
-0.7225246851693505,-1.308862733990682,-0.5701867118926005,-0.9293966635677896,1,0,0,1,0,-0.8057412374245417,0,1,True,-0.5654820671095402
-0.93653210218179,0.0472783116840738,-0.5701867118926005,0.2244101283329969,0,0,1,1,0,-0.8057412374245417,0,1,False,-0.5692279409730282
0.1381172116953303,-1.308862733990682,-0.5701867118926005,-0.9293966635677896,1,0,0,0,0,-0.8057412374245417,0,0,True,-0.5692279409730282
-0.7013084326207035,-1.308862733990682,-0.5701867118926005,-0.9293966635677896,1,0,1,0,0,-0.8057412374245417,0,0,True,-0.58421143642698
-0.7013084326207035,-1.308862733990682,-0.5701867118926005,-0.9293966635677896,1,0,0,0,1,-0.8057412374245417,0,2,True,-0.58421143642698
0.2257495591788723,-1.308862733990682,-0.5701867118926005,-0.9293966635677896,0,0,0,0,0,-0.8057412374245417,0,1,False,-0.58421143642698
-0.7151451190654733,-1.308862733990682,-0.5701867118926005,-0.9293966635677896,1,0,0,0,0,-0.8057412374245417,0,0,True,-0.58421143642698
-0.4015135596506914,-1.308862733990682,-0.5701867118926005,-0.9293966635677896,1,0,0,0,1,1.5176924895404067,0,1,True,-0.6029408057444199
-0.7289818055102432,0.0472783116840738,-0.5701867118926005,0.2244101283329969,1,0,1,0,0,-0.8057412374245417,0,1,True,-0.6029408057444199
-0.9088587292922504,0.0472783116840738,-0.5701867118926005,0.2244101283329969,0,0,1,0,0,-0.8057412374245417,0,1,False,-0.6029408057444199
-0.9918788479608692,-1.308862733990682,-0.5701867118926005,0.2244101283329969,1,0,0,0,1,-0.8057412374245417,0,0,True,-0.6029408057444199
-0.7520429495848594,-1.308862733990682,1.4218117367065486,-0.9293966635677896,1,0,1,0,0,-0.8057412374245417,0,1,True,-0.6029408057444199
0.3733408812564168,0.0472783116840738,-0.5701867118926005,0.2244101283329969,1,1,1,0,0,-0.8057412374245417,0,2,True,-0.6029408057444199
-0.4706969918745404,0.0472783116840738,1.4218117367065486,0.2244101283329969,1,0,0,0,0,1.5176924895404067,0,1,True,-0.6029408057444199
-1.061062280184718,0.0472783116840738,1.4218117367065486,0.2244101283329969,0,0,1,0,0,-0.8057412374245417,1,2,False,-0.6029408057444199
-1.3262654370428058,0.0472783116840738,-0.5701867118926005,1.3782169202337835,1,0,0,1,1,-0.8057412374245417,1,1,True,-0.6029408057444199
-0.7520429495848594,0.0472783116840738,-0.5701867118926005,-0.9293966635677896,1,0,0,0,0,1.5176924895404067,1,2,True,-0.6066866796079078
-0.3000445257223796,-1.308862733990682,-0.5701867118926005,-0.9293966635677896,1,0,0,0,0,-0.8057412374245417,0,1,True,-0.6216701750618596
-0.5306559664685429,-1.308862733990682,-0.5701867118926005,-0.9293966635677896,1,0,0,0,0,-0.8057412374245417,1,1,True,-0.6216701750618596
-0.9226954157370202,0.0472783116840738,-0.5701867118926005,0.2244101283329969,1,0,1,0,0,-0.8057412374245417,0,0,True,-0.6403995443792995
-0.3000445257223796,1.4034193573588298,1.4218117367065486,0.2244101283329969,1,0,1,0,0,1.5176924895404067,0,0,True,-0.6403995443792995
-0.3000445257223796,-1.308862733990682,-0.5701867118926005,-0.9293966635677896,0,0,0,0,0,-0.8057412374245417,0,0,False,-0.6403995443792995
-0.6966962038057802,-1.308862733990682,-0.5701867118926005,-0.9293966635677896,1,0,0,0,0,-0.8057412374245417,0,2,True,-0.6403995443792995
-0.5998393986923918,0.0472783116840738,-0.5701867118926005,-0.9293966635677896,1,0,0,0,0,1.5176924895404067,0,2,True,-0.6591289136967393
-0.4199624749103845,0.0472783116840738,-0.5701867118926005,0.2244101283329969,1,0,0,0,1,-0.8057412374245417,0,1,True,-0.677858283014179
-0.692083974990857,0.0472783116840738,-0.5701867118926005,0.2244101283329969,1,0,0,0,0,-0.8057412374245417,0,2,True,-0.677858283014179
-0.253922237573147,1.4034193573588298,-0.5701867118926005,0.2244101283329969,1,0,0,0,0,-0.8057412374245417,0,1,True,-0.677858283014179
-1.3908366404517314,0.0472783116840738,1.4218117367065486,0.2244101283329969,0,0,0,0,0,-0.8057412374245417,0,2,False,-0.677858283014179
-0.9752748242271454,0.0472783116840738,-0.5701867118926005,0.2244101283329969,1,0,1,0,0,-0.8057412374245417,0,1,True,-0.677858283014179
-0.535268195283466,0.0472783116840738,-0.5701867118926005,0.2244101283329969,1,0,0,0,0,-0.8057412374245417,0,1,True,-0.677858283014179
1.0485711797611823,0.0472783116840738,-0.5701867118926005,-0.9293966635677896,0,0,0,0,0,-0.8057412374245417,0,2,False,-0.677858283014179
-0.7704918648445525,0.0472783116840738,-0.5701867118926005,-0.9293966635677896,0,0,0,0,1,-0.8057412374245417,0,2,False,-0.677858283014179
-0.7151451190654733,4.115701448708341,-0.5701867118926005,0.2244101283329969,1,0,0,0,0,0.3559756260579323,0,2,True,-0.677858283014179
-0.6966962038057802,-1.308862733990682,-0.5701867118926005,-0.9293966635677896,1,0,0,0,0,0.3559756260579323,0,1,True,-0.677858283014179
0.3456675083668772,-1.308862733990682,-0.5701867118926005,-0.9293966635677896,1,0,0,0,0,0.3559756260579323,0,0,True,-0.677858283014179
-0.93653210218179,0.0472783116840738,-0.5701867118926005,0.2244101283329969,1,0,0,0,0,0.3559756260579323,0,2,True,-0.677858283014179
1.0144406865307505,-1.308862733990682,-0.5701867118926005,-0.9293966635677896,1,0,0,0,0,0.3559756260579323,0,1,True,-0.677858283014179
-0.7557327326367981,-1.308862733990682,-0.5701867118926005,-0.9293966635677896,1,0,0,0,0,0.3559756260579323,1,2,True,-0.677858283014179
2.006069881739252,0.0472783116840738,-0.5701867118926005,0.2244101283329969,1,0,0,0,0,2.679409353022881,1,2,True,-0.677858283014179
0.3364430507370307,-1.308862733990682,-0.5701867118926005,-0.9293966635677896,1,0,0,0,0,-0.8057412374245417,0,2,True,-0.677858283014179
3.594521485598824,0.0472783116840738,-0.5701867118926005,-0.9293966635677896,1,0,0,0,0,-0.8057412374245417,0,2,True,-0.677858283014179
-0.1155553731254491,0.0472783116840738,-0.5701867118926005,0.2244101283329969,0,0,0,0,0,-0.8057412374245417,0,2,False,-0.6816041568776671
-0.9642054750713296,0.0472783116840738,-0.5701867118926005,-0.9293966635677896,1,0,0,0,0,-0.8057412374245417,0,2,True,-0.6965876523316189
0.0781582371013279,-1.308862733990682,-0.5701867118926005,-0.9293966635677896,1,0,0,0,0,0.3559756260579323,1,2,True,-0.6965876523316189
-1.386224411636808,0.0472783116840738,-0.5701867118926005,1.3782169202337835,1,0,0,0,0,-0.8057412374245417,1,0,True,-0.6965876523316189
-0.5306559664685429,-1.308862733990682,-0.5701867118926005,-0.9293966635677896,1,0,0,0,0,-0.8057412374245417,0,2,True,-0.7153170216490587
-0.9065526148847888,-1.308862733990682,-0.5701867118926005,-0.9293966635677896,1,0,0,0,0,1.5176924895404067,0,2,True,-0.7153170216490587
-0.5998393986923918,0.0472783116840738,-0.5701867118926005,-0.9293966635677896,1,0,0,0,0,-0.8057412374245417,0,2,True,-0.7153170216490587
-1.386224411636808,0.0472783116840738,-0.5701867118926005,1.3782169202337835,1,0,0,0,0,-0.8057412374245417,1,0,True,-0.7153170216490587
-1.1717557717428764,0.0472783116840738,-0.5701867118926005,0.2244101283329969,1,0,1,0,0,-0.8057412374245417,1,2,True,-0.7153170216490587
-1.4761628735278118,0.0472783116840738,1.4218117367065486,0.2244101283329969,1,0,1,0,0,-0.8057412374245417,1,2,True,-0.7153170216490587
-0.5122070512088498,-1.308862733990682,-0.5701867118926005,-0.9293966635677896,1,0,0,0,0,-0.8057412374245417,0,2,True,-0.7190628955125467
-0.1685960044970666,0.0472783116840738,-0.5701867118926005,0.2244101283329969,1,1,1,0,1,0.3559756260579323,0,0,True,-0.7340463909664985
-0.7843285512893223,0.0472783116840738,-0.5701867118926005,-0.9293966635677896,1,0,1,0,0,1.5176924895404067,0,2,True,-0.7340463909664985
-0.6966962038057802,-1.308862733990682,-0.5701867118926005,-0.9293966635677896,1,0,0,0,0,-0.8057412374245417,0,0,True,-0.7340463909664985
-0.761267407214706,1.4034193573588298,-0.5701867118926005,0.2244101283329969,1,0,0,0,1,1.5176924895404067,0,2,True,-0.7527757602839383
-0.0878820002359095,1.4034193573588298,-0.5701867118926005,1.3782169202337835,0,0,0,0,0,-0.8057412374245417,0,1,False,-0.7527757602839383
-0.4753092206894636,-1.308862733990682,-0.5701867118926005,0.2244101283329969,1,0,0,0,0,-0.8057412374245417,0,2,True,-0.7527757602839383
-0.184738805349298,-1.308862733990682,-0.5701867118926005,-0.9293966635677896,1,0,0,0,0,-0.8057412374245417,0,2,True,-0.7527757602839383
-0.6597983732863942,-1.308862733990682,-0.5701867118926005,-0.9293966635677896,0,0,0,0,1,-0.8057412374245417,0,2,False,-0.7527757602839383
-0.6459616868416244,0.0472783116840738,-0.5701867118926005,-0.9293966635677896,1,0,0,0,0,-0.8057412374245417,0,2,True,-0.7527757602839383
-0.9457565598116364,0.0472783116840738,-0.5701867118926005,0.2244101283329969,0,0,1,0,0,-0.8057412374245417,0,1,False,-0.7527757602839383
-0.9065526148847888,-1.308862733990682,-0.5701867118926005,-0.9293966635677896,1,0,1,0,0,1.5176924895404067,0,0,True,-0.7527757602839383
-1.130245712408567,0.0472783116840738,-0.5701867118926005,-0.9293966635677896,0,0,0,0,0,-0.8057412374245417,0,0,False,-0.7565216341474262
-1.386224411636808,0.0472783116840738,-0.5701867118926005,0.2244101283329969,1,0,1,0,0,-0.8057412374245417,1,0,True,-0.7677592557378902
-0.5122070512088498,-1.308862733990682,-0.5701867118926005,-0.9293966635677896,1,0,0,0,0,0.3559756260579323,0,2,True,-0.7715051296013782
-0.1732082333119899,1.4034193573588298,-0.5701867118926005,0.2244101283329969,1,0,0,0,0,-0.8057412374245417,0,2,True,-0.7715051296013782
-1.2224902887070324,-1.308862733990682,-0.5701867118926005,-0.9293966635677896,0,0,0,0,1,-0.8057412374245417,0,2,False,-0.7902344989188179
-0.9088587292922504,1.4034193573588298,-0.5701867118926005,0.2244101283329969,1,0,1,0,1,-0.8057412374245417,0,2,True,-0.7902344989188179
0.4194631694056494,0.0472783116840738,-0.5701867118926005,-0.9293966635677896,1,1,1,0,0,-0.8057412374245417,0,0,True,-0.7902344989188179
-0.7704918648445525,1.4034193573588298,-0.5701867118926005,0.2244101283329969,0,0,0,0,0,0.3559756260579323,0,1,False,-0.7902344989188179
-0.6265903258189467,1.4034193573588298,-0.5701867118926005,0.2244101283329969,1,0,0,0,0,-0.8057412374245417,0,1,True,-0.7902344989188179
-0.5122070512088498,-1.308862733990682,-0.5701867118926005,-0.9293966635677896,1,0,0,0,0,-0.8057412374245417,0,2,True,-0.7902344989188179
-1.386224411636808,0.0472783116840738,-0.5701867118926005,0.2244101283329969,1,0,1,0,0,-0.8057412374245417,1,0,True,-0.7902344989188179
0.3364430507370307,0.0472783116840738,-0.5701867118926005,-0.9293966635677896,1,0,0,0,0,0.3559756260579323,0,2,True,-0.7902344989188179
-0.3000445257223796,-1.308862733990682,-0.5701867118926005,-0.9293966635677896,0,0,0,0,0,-0.8057412374245417,0,1,False,-0.8089638682362578
-0.5629415681730057,-1.308862733990682,-0.5701867118926005,-0.9293966635677896,0,0,0,0,0,-0.8057412374245417,0,2,False,-0.8089638682362578
-0.6966962038057802,1.4034193573588298,-0.5701867118926005,0.2244101283329969,1,0,1,0,0,-0.8057412374245417,0,2,True,-0.8202014898267216
-0.360003500316382,0.0472783116840738,-0.5701867118926005,0.2244101283329969,1,0,0,0,0,-0.8057412374245417,0,2,True,-0.8276932375536976
-1.1376252785124443,-1.308862733990682,-0.5701867118926005,-0.9293966635677896,1,0,0,0,1,0.3559756260579323,0,2,True,-0.8276932375536976
-0.3830646443909984,0.0472783116840738,-0.5701867118926005,-0.9293966635677896,0,0,0,0,0,0.3559756260579323,0,2,False,-0.8276932375536976
-0.93653210218179,0.0472783116840738,-0.5701867118926005,0.2244101283329969,0,0,0,0,0,-0.8057412374245417,0,0,False,-0.8276932375536976
-0.7843285512893223,-2.665003779665438,-0.5701867118926005,-0.9293966635677896,1,0,0,0,0,-0.8057412374245417,0,0,True,-0.8651519761885772
-0.5371130868094354,-1.308862733990682,1.4218117367065486,-0.9293966635677896,0,1,1,0,0,0.3559756260579323,0,2,False,-0.8651519761885772
-0.761267407214706,-1.308862733990682,-0.5701867118926005,-0.9293966635677896,0,0,1,0,0,-0.8057412374245417,0,1,False,-0.8651519761885772
-0.4868397927267718,-1.308862733990682,-0.5701867118926005,-0.9293966635677896,1,0,0,0,0,1.5176924895404067,0,1,True,-0.8651519761885772
-1.6145297379755097,0.0472783116840738,-0.5701867118926005,0.2244101283329969,0,0,1,0,0,-0.8057412374245417,0,2,False,-0.8651519761885772
-0.7843285512893223,0.0472783116840738,-0.5701867118926005,0.2244101283329969,1,0,1,0,0,-0.8057412374245417,0,1,True,-0.8651519761885772
0.7377069576353545,-1.308862733990682,-0.5701867118926005,-0.9293966635677896,1,0,0,0,0,-0.8057412374245417,0,1,True,-0.8651519761885772
1.7754584409930887,0.0472783116840738,-0.5701867118926005,0.2244101283329969,1,0,0,0,0,1.5176924895404067,0,1,True,-0.8651519761885772
-0.9600544691378986,-1.308862733990682,-0.5701867118926005,-0.9293966635677896,1,0,0,0,0,0.3559756260579323,0,2,True,-0.8651519761885772
-0.3000445257223796,0.0472783116840738,-0.5701867118926005,0.2244101283329969,1,0,0,0,1,-0.8057412374245417,0,2,True,-0.8688978500520651
0.158872241362485,0.0472783116840738,-0.5701867118926005,-0.9293966635677896,1,0,1,0,0,-0.8057412374245417,0,2,True,-0.876389597779041
-1.2695350226192497,0.0472783116840738,-0.5701867118926005,-0.9293966635677896,1,0,0,0,0,-0.8057412374245417,1,1,True,-0.8818211148810986
-0.9918788479608692,0.0472783116840738,-0.5701867118926005,-0.9293966635677896,0,0,0,0,1,-0.8057412374245417,0,2,False,-0.883881345506017
-0.5998393986923918,0.0472783116840738,-0.5701867118926005,0.2244101283329969,1,0,0,0,0,-0.8057412374245417,0,2,True,-0.883881345506017
-0.761267407214706,-1.308862733990682,-0.5701867118926005,-0.9293966635677896,1,0,0,0,0,-0.8057412374245417,0,2,True,-0.883881345506017
1.3603578476499951,-1.308862733990682,-0.5701867118926005,-0.9293966635677896,1,0,0,0,0,0.3559756260579323,0,2,True,-0.8988648409599689
-0.0878820002359095,-1.308862733990682,-0.5701867118926005,-0.9293966635677896,1,0,1,0,1,-0.8057412374245417,0,2,True,-0.9026107148234568
-1.3793060684144232,0.0472783116840738,-0.5701867118926005,0.2244101283329969,0,0,1,0,0,-0.8057412374245417,0,1,False,-0.9026107148234568
-0.9503687886265596,-1.308862733990682,-0.5701867118926005,-0.9293966635677896,1,1,1,0,0,-0.8057412374245417,0,2,True,-0.9026107148234568
-0.3000445257223796,-1.308862733990682,-0.5701867118926005,0.2244101283329969,1,0,0,1,0,0.3559756260579323,0,1,True,-0.9026107148234568
-0.6229005427670081,-1.308862733990682,-0.5701867118926005,-0.9293966635677896,1,0,0,0,0,-0.8057412374245417,0,2,True,-0.9213400841408966
-0.9503687886265596,0.0472783116840738,-0.5701867118926005,0.2244101283329969,0,0,0,0,0,-0.8057412374245417,0,1,False,-0.9400694534583364
-0.8811853564027108,0.0472783116840738,-0.5701867118926005,0.2244101283329969,1,0,0,0,0,1.5176924895404067,0,1,True,-0.9400694534583364
-1.067980623407103,-1.308862733990682,-0.5701867118926005,-0.9293966635677896,1,0,0,0,0,-0.8057412374245417,0,1,True,-0.9400694534583364
-0.253922237573147,-1.308862733990682,-0.5701867118926005,-0.9293966635677896,1,0,0,0,0,-0.8057412374245417,0,0,True,-0.9400694534583364
-0.0343801459827997,0.0472783116840738,-0.5701867118926005,-0.9293966635677896,0,0,0,0,0,-0.8057412374245417,0,2,False,-0.9400694534583364
-0.6459616868416244,0.0472783116840738,-0.5701867118926005,0.2244101283329969,1,0,0,0,0,-0.8057412374245417,0,2,True,-0.9400694534583364
-0.7013084326207035,1.4034193573588298,-0.5701867118926005,0.2244101283329969,1,0,0,0,0,2.679409353022881,0,1,True,-0.9400694534583364
1.3372967035753789,-1.308862733990682,-0.5701867118926005,-0.9293966635677896,1,0,0,0,0,-0.8057412374245417,0,2,True,-0.9438153273218244
-0.368305512183244,1.4034193573588298,-0.5701867118926005,0.2244101283329969,0,0,0,0,0,0.3559756260579323,0,2,False,-0.9587988227757762
-0.9918788479608692,-1.308862733990682,-0.5701867118926005,0.2244101283329969,1,0,0,0,0,-0.8057412374245417,0,1,True,-0.966290570502752
0.3226063642922608,0.0472783116840738,-0.5701867118926005,0.2244101283329969,1,0,1,0,0,0.3559756260579323,0,2,True,-0.977528192093216
-0.0878820002359095,-1.308862733990682,-0.5701867118926005,-0.9293966635677896,1,0,0,0,0,-0.8057412374245417,0,2,True,-0.977528192093216
-0.7151451190654733,0.0472783116840738,-0.5701867118926005,0.2244101283329969,0,0,0,0,0,0.3559756260579323,0,2,False,-0.977528192093216
-0.6874717461759338,1.4034193573588298,-0.5701867118926005,0.2244101283329969,0,0,0,0,0,-0.8057412374245417,0,2,False,-0.977528192093216
-0.7704918648445525,0.0472783116840738,-0.5701867118926005,0.2244101283329969,0,0,0,0,0,0.3559756260579323,0,1,False,-0.977528192093216
-1.130245712408567,-1.308862733990682,-0.5701867118926005,-0.9293966635677896,0,0,0,0,0,-0.8057412374245417,0,0,False,-0.977528192093216
-0.9226954157370202,0.0472783116840738,-0.5701867118926005,0.2244101283329969,0,0,0,0,0,-0.8057412374245417,0,2,False,-0.977528192093216
0.6754418686338906,0.0472783116840738,-0.5701867118926005,0.2244101283329969,1,0,0,0,0,-0.8057412374245417,0,1,True,-0.977528192093216
-0.973429932701176,-1.308862733990682,-0.5701867118926005,-0.9293966635677896,0,0,0,0,0,-0.8057412374245417,0,2,False,-1.0149869307280956
-0.7013084326207035,-1.308862733990682,-0.5701867118926005,-0.9293966635677896,1,0,0,0,0,-0.8057412374245417,0,2,True,-1.0149869307280956
0.3917897965161098,-1.308862733990682,-0.5701867118926005,-0.9293966635677896,1,0,0,0,0,-0.8057412374245417,0,1,True,-1.0149869307280956
0.115056067620714,1.4034193573588298,-0.5701867118926005,0.2244101283329969,1,0,0,0,0,-0.8057412374245417,0,2,True,-1.0149869307280956
0.0228114913222487,1.4034193573588298,-0.5701867118926005,1.3782169202337835,1,0,0,0,0,-0.8057412374245417,0,2,True,-1.0243516153868155
-0.8535119835131713,0.0472783116840738,-0.5701867118926005,0.2244101283329969,0,0,0,0,0,0.3559756260579323,0,1,False,-1.0337163000455354
-0.3692279579462286,0.0472783116840738,-0.5701867118926005,0.2244101283329969,0,0,0,1,0,0.3559756260579323,0,2,False,-1.0337163000455354
-1.1579190852981065,-1.308862733990682,-0.5701867118926005,-0.9293966635677896,0,0,0,0,0,0.3559756260579323,0,0,False,-1.0337163000455354
-1.1533068564831834,0.0472783116840738,-0.5701867118926005,0.2244101283329969,1,0,1,0,0,0.3559756260579323,0,2,True,-1.0524456693629751
-0.5491048817282359,0.0472783116840738,-0.5701867118926005,-0.9293966635677896,1,0,0,0,0,-0.8057412374245417,0,0,True,-1.0524456693629751
0.7607681017099709,-1.308862733990682,-0.5701867118926005,-0.9293966635677896,1,0,0,0,0,-0.8057412374245417,0,2,True,-1.0899044079978548
-0.5306559664685429,0.0472783116840738,-0.5701867118926005,0.2244101283329969,1,0,0,0,0,0.3559756260579323,0,2,True,-1.0899044079978548
-0.5306559664685429,-1.308862733990682,-0.5701867118926005,-0.9293966635677896,1,0,0,0,0,-0.8057412374245417,0,2,True,-1.1086337773152948
-0.5610966766470363,-1.308862733990682,-0.5701867118926005,-0.9293966635677896,1,0,0,0,0,-0.8057412374245417,0,2,True,-1.1273631466327343
-1.4531017294531954,-1.308862733990682,-0.5701867118926005,0.2244101283329969,1,0,0,0,0,-0.8057412374245417,0,1,True,-1.1273631466327343
-0.7013084326207035,0.0472783116840738,3.4138101853056977,0.2244101283329969,0,1,0,0,0,-0.8057412374245417,0,2,False,-1.1273631466327343
-1.0841234242593345,0.0472783116840738,-0.5701867118926005,-0.9293966635677896,1,0,0,0,0,-0.8057412374245417,0,2,True,-1.1273631466327343
-1.2547758904114952,0.0472783116840738,-0.5701867118926005,-0.9293966635677896,0,0,0,0,0,-0.8057412374245417,0,2,False,-1.1273631466327343
-0.7704918648445525,-1.308862733990682,-0.5701867118926005,-0.9293966635677896,1,0,0,0,0,0.3559756260579323,0,1,True,-1.1273631466327343
-0.5306559664685429,0.0472783116840738,-0.5701867118926005,-0.9293966635677896,1,0,0,0,0,-0.8057412374245417,0,1,True,-1.1273631466327343
-0.9065526148847888,-1.308862733990682,-0.5701867118926005,-0.9293966635677896,1,0,0,0,1,-0.8057412374245417,0,2,True,-1.1311090204962224
-0.5306559664685429,0.0472783116840738,-0.5701867118926005,0.2244101283329969,1,0,0,0,1,-0.8057412374245417,0,2,True,-1.1311090204962224
-1.0333889072951783,-1.308862733990682,-0.5701867118926005,-0.9293966635677896,0,0,0,0,0,-0.8057412374245417,0,2,False,-1.1573301375406382
-0.7151451190654733,-1.308862733990682,-0.5701867118926005,-0.9293966635677896,1,0,0,0,0,-0.8057412374245417,0,2,True,-1.1648218852676142
-0.3461668138716123,-1.308862733990682,-0.5701867118926005,-0.9293966635677896,1,0,0,0,0,-0.8057412374245417,0,2,True,-1.1648218852676142
-0.7151451190654733,-1.308862733990682,1.4218117367065486,0.2244101283329969,1,0,1,0,0,0.3559756260579323,0,0,True,-1.1648218852676142
-1.0472255937399484,0.0472783116840738,-0.5701867118926005,-0.9293966635677896,0,0,0,0,0,-0.8057412374245417,0,2,False,-1.2022806239024937
-0.9088587292922504,0.0472783116840738,-0.5701867118926005,-0.9293966635677896,0,0,0,0,0,-0.8057412374245417,0,2,False,-1.2022806239024937
-0.9918788479608692,-1.308862733990682,-0.5701867118926005,0.2244101283329969,1,0,0,0,0,-0.8057412374245417,0,0,True,-1.2022806239024937
-0.3461668138716123,0.0472783116840738,-0.5701867118926005,0.2244101283329969,1,0,0,0,0,-0.8057412374245417,0,2,True,-1.2210099932199336
-0.9918788479608692,0.0472783116840738,-0.5701867118926005,0.2244101283329969,0,0,0,0,0,-0.8057412374245417,0,1,False,-1.2210099932199336
-0.8950220428474807,0.0472783116840738,-0.5701867118926005,0.2244101283329969,1,0,1,0,0,-0.8057412374245417,0,2,True,-1.2397393625373734
-0.8811853564027108,-1.308862733990682,-0.5701867118926005,-0.9293966635677896,0,1,0,0,0,0.3559756260579323,0,2,False,-1.2397393625373734
-0.9918788479608692,-1.308862733990682,-0.5701867118926005,-0.9293966635677896,1,0,0,0,0,0.3559756260579323,0,2,True,-1.2397393625373734
-0.761267407214706,-1.308862733990682,-0.5701867118926005,-0.9293966635677896,1,1,0,0,0,-0.8057412374245417,0,2,True,-1.2397393625373734
-0.1432287460149887,-1.308862733990682,-0.5701867118926005,0.2244101283329969,1,0,0,0,0,-0.8057412374245417,0,2,True,-1.2397393625373734
1.1758686950530646,-1.308862733990682,-0.5701867118926005,-0.9293966635677896,1,0,0,0,0,-0.8057412374245417,0,2,True,-1.2397393625373734
-0.6990023182132419,-1.308862733990682,-0.5701867118926005,-0.9293966635677896,0,0,0,0,0,-0.8057412374245417,0,2,False,-1.2622146057183012
-1.2340208607443404,0.0472783116840738,-0.5701867118926005,0.2244101283329969,1,0,0,0,0,-0.8057412374245417,0,0,True,-1.277198101172253
-1.0901193217187346,1.4034193573588298,1.4218117367065486,0.2244101283329969,1,0,0,0,0,-0.8057412374245417,0,0,True,-1.277198101172253
-0.870116007246895,-1.308862733990682,-0.5701867118926005,-0.9293966635677896,1,0,0,0,0,-0.8057412374245417,0,2,True,-1.277198101172253
-0.6966962038057802,-1.308862733990682,-0.5701867118926005,-0.9293966635677896,1,0,0,0,0,-0.8057412374245417,0,2,True,-1.2959274704896928
-0.9088587292922504,-1.308862733990682,-0.5701867118926005,-0.9293966635677896,1,0,0,0,0,-0.8057412374245417,0,2,True,-1.3146568398071323
-1.528742282017937,-1.308862733990682,-0.5701867118926005,-0.9293966635677896,0,0,1,0,0,-0.8057412374245417,0,1,False,-1.3333862091245725
-0.5444926529133126,-2.665003779665438,-0.5701867118926005,-0.9293966635677896,0,0,0,0,0,-0.8057412374245417,0,2,False,-1.3333862091245725
-0.5444926529133126,0.0472783116840738,-0.5701867118926005,0.2244101283329969,1,0,1,0,0,-0.8057412374245417,0,2,True,-1.3333862091245725
-1.4761628735278118,0.0472783116840738,-0.5701867118926005,-0.9293966635677896,0,0,0,1,0,-0.8057412374245417,0,2,False,-1.3521155784420122
0.0689337794714814,0.0472783116840738,-0.5701867118926005,-0.9293966635677896,0,0,0,0,1,-0.8057412374245417,1,2,False,-1.3558614523055
-0.9918788479608692,-1.308862733990682,-0.5701867118926005,-0.9293966635677896,0,0,0,0,0,-0.8057412374245417,0,2,False,-1.4083036863943317
-1.2686125768562648,0.0472783116840738,-0.5701867118926005,0.2244101283329969,1,0,0,0,0,-0.8057412374245417,0,2,True,-1.4270330557117714
-0.9918788479608692,1.4034193573588298,-0.5701867118926005,0.2244101283329969,1,0,0,0,0,-0.8057412374245417,0,2,True,-1.4270330557117714
-0.8258386106236316,-1.308862733990682,-0.5701867118926005,-0.9293966635677896,1,0,0,0,0,0.3559756260579323,0,2,True,-1.4270330557117714
-0.7981652377340921,2.7595604030335856,-0.5701867118926005,0.2244101283329969,0,0,0,0,0,-0.8057412374245417,0,2,False,-1.5019505329815308
-1.5914685939008932,0.0472783116840738,-0.5701867118926005,0.2244101283329969,1,0,0,0,0,-0.8057412374245417,0,2,True,-1.5394092716164105
-0.6925451978723494,-1.308862733990682,-0.5701867118926005,-0.9293966635677896,1,0,0,0,0,-0.8057412374245417,0,2,True,-1.5394092716164105
-0.9964910767757924,-1.308862733990682,-0.5701867118926005,-0.9293966635677896,0,0,0,0,0,0.3559756260579323,0,2,False,-1.5581386409338502
-0.9918788479608692,-1.308862733990682,-0.5701867118926005,-0.9293966635677896,1,0,1,0,0,1.5176924895404067,0,2,True,-1.57686801025129
-1.2686125768562648,0.0472783116840738,-0.5701867118926005,-0.9293966635677896,0,0,0,0,0,-0.8057412374245417,0,1,False,-1.6051493579206242
-0.7059206614356268,-1.308862733990682,-0.5701867118926005,-0.9293966635677896,1,0,0,0,0,-0.8057412374245417,0,2,True,-1.6143267488861697
-1.0333889072951783,0.0472783116840738,-0.5701867118926005,-0.9293966635677896,0,0,0,0,0,-0.8057412374245417,0,0,False,-1.6143267488861697
-0.5998393986923918,0.0472783116840738,-0.5701867118926005,0.2244101283329969,1,0,0,0,0,-0.8057412374245417,0,2,True,-1.6143267488861697
